estate_name,mobile_no
Zamil Real Estate,"+923230045959,+923009429382"
N M Associates,+923218466023
Muhammadi Associate,+92-3008499290
Unity Developer,+923018499511
Empire Estate,+92-3008111121
The Land Services,+923004563657
Bilal Khan Associates,"+923335744446,+923215744446,+923316646151"
Almas Properties & Builders,+92-3004398599
Anss Marketing,"+923224057786,+923028495384"
Future Planners,+923224422174
International Business Solution (PVT) Ltd,+92-3005550291
Mahaar Real Estate Advisor,+923009433166
Zamil Real Estate,+923219195841
REPTOSTATE REAL ESTATE,+92-3288880900
Harum Real Estate & Builders,+923214045556
Solid Estate and Construction Services,+92-3006220188
ECO PROPERTIES,+92-3218410307
TNF Group,+92-3043333656
Jan Estate,+92-3111000145
Home Real Estate & Builders,+923218456284
National Real Estate & Builders,+923218880786
Oasis Properties,+923219447799
Ali Hajvery Associate And Builders,+923036311444
Ali Saqlain Real Estate & Builders,+923228477092
Landmark Developers,+923214241415
Pak Land Estate And Developers,"+923214300740,+923008865965"
Leads Estates,+923218422212
Hafiz Brothers Estate & Builders,+92-3214113619
Ayat Developers,+92-3078092447
Al Sharaf Properties & Builders,"+923004186948,+923214186948,+923049784255,+923022229777"
AL Qura Estate & Builders,+923333894212
Procastle Estate,+923184366757
Next Properties,+923339533333
Bhatti Associates,+923214110004
HR Estate & Builders,"+92-3000119002-,-+92-3000113002"
Mian Usman Associates,+923213333930
Pak Property Network,+923007883989
Freedom Estate & Builders,+923224000718
Usman Associates,+923214526513
Leads Estates,+923218838883
MAYMAR REAL ESTATE,+923214017429
Land Holders Real Estate & Builders,+923214605557
Ghumman Marketing,+92-3004201274
Hafiz Estate & Developer,+923061777764
Chohan Estate,+923028444706
Lyallpur Properties,+92-3244488947
Click Estate,+923214562632
Property Art Real Estate & Builders,+92-3214907009
Urban Estate & Builder,+92-3334433446
New Hira Estate & Builders,+923214242427
Harmain Real Estate & Builders,+923213219176
Tajwar Estate & Developers,+923217333319
OLX Real Estate,+923234899987
Janjua Estate,+923214444219
Lexis Estate,+923218464704
Lahore Property Point,+923231900002
Syed Brothers (PVT) LTD,+923224643299
Ali Estate and Builders,+923008423576
IBM Holdings,+923047676851
Bin Noor Associates & Builders,+923225555835
Ali Hajvery Associates,+923046582854
Global Marketing,+923004966252
UPN (Universal Property Network),+92-3211161113
Azaan Associates,+923229090191
Friends Real Estate,+923004777470
Task Estate  Builders,+923219420293
Pak Property & Builder,+923204996394
Sial Estate,+923228888429
MUSA PROPERTIES & BUILDERS,+923216288880
Consult Decide Buy Properties,+92-3331115200
Meerab Properties & Builder,+923046666014
MEEM Properties,+923214446341
Devine Consultants,+923218442887
SERENA BUILDERS & DEVELOPERS (PVT) LTD,+92-3094715579
Malkiat Real Estate,+92-3004712960
Al Jannat Real Estate,+923214447394
Meta Properties,+923348021412
MUZAMIL ESTATE,+923218505031
Hotline Associates,+92-3008410306
IMC Estate,+923014386333
Leppon Estate & Builders,+923000940940
Hotlink Estate,+92-3224182252
Etihad Marketing,+923234600036
U R Properties,+923048246434
Lahore Askari Marketing,+923214460896
Ibn E Hassan Real Estate,+923244332029
Z-EXPERT REAL ESTATE  MARKETING,+923426595808
Bin Saleh Real Estate & Construction Services,+923087000156
Pegasus Group ,+923224672249
Wasif Estate And Builder,+923218343111
Sarinas Builders And Developers (PVT) LTD,+92-3080452192
Khalifa Real Estate,+923008470403
Lahore Grande Real Estate,+923219408769
MJ Associates,+92-3004441999
Danone Properties,+92-3219494744
Yasir Brothers,+923208410111
Hamza Real Estate,+923214892715
M A Associates,+923004660111
Property Miles,+923211050806
Al Majid Associates,+923111786929
Forces Properties,+923008448883
Abid Associates,+923238400226
Times Real Estate,+923000744421
Syed Brothers PVT LTD (Ph: 2 DHA),+923334312695
SK Grand Properties,"+923214153841,+923004153841"
Nexus Properties,+923224302208
Al Musawar Estate,+92-3214015550
Riasat Estate,+923218414134
Khan Estate Advisor,+923004965559
CB Marketing,+923217725383
MBH Marketing,+923218827494
AL MADAD BUILDERS REAL ESTATE,+923217339900
AAS Properties,+923218493933
Syed Brothers Pvt Ltd. (Ph:2 Johar Town),+923334317572
Ravian Developers,+923244720954
Consult N Deal,+923217779777
Pak Real Estate,+923237515833
Central Properties & Builders,+92-3217700445
Rehan Properties Real Estate & Builders,+923214326785
Yaseen Associates  Builders,+923224516606
Oxford International,+92-3244445140
Moon Estate & Marketing,+92-3000770488
Channel Estate Agent,+923226669918
Haq Nawaz Real Estate & Builders,+923004193400
Royal Landmark (Pvt) Ltd,+923215555707
Friends Estate & Marketing,+923004285000
Shah Jee Property Consultant,+923001221022
Ali Raza Real Estate & Builders,+92-3004444418
Abn Marketing & Real Estate,+923012633326
Muqaddim Real Estate,+92-3217506016
JADOON PROPERTY ADVISOR,+923040080747
Property Inn (PVT) Limited,+923230044117
Abbasi Real Estate,+92-3000042042
AKHTAR PROPERTIES,+923015026384
Zain Jaidad,+923454109756
Property View,+923219486282
Capital Properties,+923211114444
Royal Property Solution,"+923212777721,+923462195485"
Bilal Estate & Builders,+92-3000630488
Sheikh Rubani & Abdul Wali Estate,+92-3084124934
Sheraz Brothers Associates,"+92-3000500043,+923004545964"
Maan Estate,+923334023007
Al- Rehman A-One,+92-3098804399
MOJ ESTATES,"+92-3000660488,+92-3111488222"
Faseeh Estate,+92-3208440666
Mohsin Estate,+923214777845
Askari Property,+923008475284
Ibrahim Properties,+92-3214261331
GA Builders,+923212276566
Javed Associates,+923004777777
